caso,pressao_maxima,pressao_minima
0;474.257111;-449.370911
1;248.293625;-232.754288
2;376.998871;-352.028900
3;475.707947;-450.681366
4;415.343750;-41.364670
5;517.768250;-487.093964
6;214.840622;-2.028261
7;230.271805;-215.298553
8;176.919922;-162.113525
